timestamp,network,event,games_completed_this_run
2026-07-02T12:59:06.477292,library,daily_limit_reached,200
2026-07-02T14:38:03.789172,library,daily_limit_reached,65
2026-07-02T15:51:44.581616,library,still_blocked_at_startup,0
2026-07-02T21:42:15.466651,library,daily_limit_reached,25
2026-07-02T22:21:07.683484,library,daily_limit_reached,200
2026-07-02T22:40:24.354821,library,daily_limit_reached,100
2026-07-03T22:59:15.313793,library,daily_limit_reached,400
2026-07-05T15:10:50.976455,heber-home,daily_limit_reached,250
2026-07-05T16:31:31.239684,heber-home,daily_limit_reached,400
2026-07-06T12:50:41.954493,heber-home,daily_limit_reached,400
2026-07-06T19:47:12.452906,heber-home,daily_limit_reached,400
2026-07-07T17:35:09.916841,heber-library,daily_limit_reached,320
